release_date,movie,production_budget,domestic_gross,worldwide_gross,release_year,release_month,profit,roi,movie_id,primary_title,genres
"Mar 23, 2012",The Hunger Games,80000000,408010692,677923379,2012,Mar,597923379,747.4,tt1392170,The Hunger Games,"Action,Adventure,Sci-Fi"
"May 26, 2011",The Hangover Part II,80000000,254464305,586464305,2011,May,506464305,633.08,tt1411697,The Hangover Part II,"Comedy,Mystery"
"Feb 10, 2017",The Lego Batman Movie,80000000,175750384,310660018,2017,Feb,230660018,288.33,tt4116284,The Lego Batman Movie,"Action,Animation,Comedy"
"Sep 25, 2015",Hotel Transylvania 2,80000000,169700110,469500298,2015,Sep,389500298,486.88,tt2510894,Hotel Transylvania 2,"Animation,Comedy,Family"
"Jul 12, 2013",Grown Ups 2,80000000,133668525,247023808,2013,Jul,167023808,208.78,tt2191701,Grown Ups 2,Comedy
"Dec 16, 2011",Alvin and the Chipmunks: Chipwrecked,80000000,133107389,349088523,2011,Dec,269088523,336.36,tt1615918,Alvin and the Chipmunks: Chipwrecked,"Adventure,Animation,Comedy"
"Feb 19, 2010",Shutter Island,80000000,128012934,299461782,2010,Feb,219461782,274.33,tt1130884,Shutter Island,"Mystery,Thriller"
"Feb 10, 2012",Journey 2: The Mysterious Island,79000000,103860290,318146162,2012,Feb,239146162,302.72,tt1397514,Journey 2: The Mysterious Island,"Action,Adventure,Comedy"
"Sep 27, 2013",Cloudy with a Chance of Meatballs 2,78000000,119793567,274392649,2013,Sep,196392649,251.79,tt1985966,Cloudy with a Chance of Meatballs 2,"Adventure,Animation,Comedy"
"Jul 3, 2013",Despicable Me 2,76000000,368065385,975216835,2013,Jul,899216835,1183.18,tt1690953,Despicable Me 2,"Adventure,Animation,Comedy"
"Jul 8, 2016",The Secret Life of Pets,75000000,368384330,886750534,2016,Jul,811750534,1082.33,tt2709768,The Secret Life of Pets,"Adventure,Animation,Comedy"
"Dec 21, 2016",Sing,75000000,270329045,634454789,2016,Dec,559454789,745.94,tt3470600,Sing,"Animation,Comedy,Family"
"Jun 30, 2017",Despicable Me 3,75000000,264624300,1034727750,2017,Jun,959727750,1279.64,tt3469046,Despicable Me 3,"Adventure,Animation,Comedy"
"Jun 25, 2010",Grown Ups,75000000,162001186,272223430,2010,Jun,197223430,262.96,tt1375670,Grown Ups,Comedy
"Jun 27, 2008",Wanted,75000000,134508551,342416460,2008,Jun,267416460,356.56,tt1737267,Wanted,Action
"May 31, 2013",Now You See Me,75000000,117723989,342769200,2013,May,267769200,357.03,tt1670345,Now You See Me,"Crime,Mystery,Thriller"
"Jul 10, 2015",Minions,74000000,336045770,1160336173,2015,Jul,1086336173,1468.02,tt2293640,Minions,"Adventure,Animation,Comedy"
"Feb 6, 2015",The SpongeBob Movie: Sponge Out of Water,74000000,162994032,311013181,2015,Feb,237013181,320.29,tt2279373,The SpongeBob Movie: Sponge Out of Water,"Adventure,Animation,Comedy"
"Nov 22, 2000",Unbreakable,73243106,94999143,248099143,2000,Nov,174856037,238.73,tt4097114,Unbreakable,"Adventure,Biography,Documentary"
"May 20, 2016",The Angry Birds Movie,73000000,107509366,352327887,2016,May,279327887,382.64,tt1985949,The Angry Birds Movie,"Action,Animation,Comedy"
"Oct 10, 2014",Dracula Untold,70000000,55991880,220241723,2014,Oct,150241723,214.63,tt0829150,Dracula Untold,"Action,Drama,Fantasy"
"Jul 9, 2010",Despicable Me,69000000,251513985,543464573,2010,Jul,474464573,687.63,tt1323594,Despicable Me,"Animation,Comedy,Family"
"Jun 30, 2010",The Twilight Saga: Eclipse,68000000,300531751,706102828,2010,Jun,638102828,938.39,tt1325004,The Twilight Saga: Eclipse,"Adventure,Drama,Fantasy"
"Jun 26, 2015",Ted 2,68000000,81476385,217214143,2015,Jun,149214143,219.43,tt2637276,Ted 2,Comedy
"Dec 15, 2000",What Women Want,65000000,182805123,374105123,2000,Dec,309105123,475.55,tt1667150,What Women Want,"Comedy,Romance,Sci-Fi"
"Nov 9, 2012",Lincoln,65000000,182207973,273346281,2012,Nov,208346281,320.53,tt0443272,Lincoln,"Biography,Drama,History"
"Mar 15, 2002",Ice Age,65000000,176387405,386116343,2002,Mar,321116343,494.03,tt4418168,Ice Age,"Crime,Drama,Family"
"Jul 13, 2018",Hotel Transylvania 3: Summer Vacation,65000000,167500092,527079962,2018,Jul,462079962,710.89,tt5220122,Hotel Transylvania 3: Summer Vacation,"Adventure,Animation,Comedy"
"Nov 5, 2010",Due Date,65000000,100539043,211739043,2010,Nov,146739043,225.75,tt1231583,Due Date,"Adventure,Comedy"
"Sep 18, 2015",Everest,65000000,43482270,221297061,2015,Sep,156297061,240.46,tt2719848,Everest,"Action,Adventure,Biography"
"Sep 14, 2012",Resident Evil: Retribution,65000000,42345531,240647629,2012,Sep,175647629,270.23,tt1855325,Resident Evil: Retribution,"Action,Horror,Sci-Fi"
"Oct 3, 2014",Gone Girl,61000000,167767189,368567189,2014,Oct,307567189,504.21,tt2267998,Gone Girl,"Drama,Mystery,Thriller"
"Sep 18, 2015",Maze Runner: The Scorch Trials,61000000,81697192,310566162,2015,Sep,249566162,409.12,tt4046784,Maze Runner: The Scorch Trials,"Action,Sci-Fi,Thriller"
"Feb 7, 2014",The Lego Movie,60000000,257784718,457729388,2014,Feb,397729388,662.88,tt1490017,The Lego Movie,"Action,Adventure,Animation"
"Sep 9, 2016",Sully,60000000,125070033,238524556,2016,Sep,178524556,297.54,tt3263904,Sully,"Biography,Drama"
"Oct 15, 2010",Red,60000000,90380162,196439693,2010,Oct,136439693,227.4,tt2181948,Red,Thriller
"Aug 13, 2010",Eat Pray Love,60000000,80574010,206598789,2010,Aug,146598789,244.33,tt0879870,Eat Pray Love,"Drama,Romance"
"Dec 21, 2012",Jack Reacher,60000000,80070736,217370736,2012,Dec,157370736,262.28,tt0790724,Jack Reacher,"Action,Crime,Thriller"
"Mar 4, 2016",London Has Fallen,60000000,62524260,195194085,2016,Mar,135194085,225.32,tt3300542,London Has Fallen,"Action,Thriller"
"Apr 7, 2017",Smurfs: The Lost Village,60000000,45020282,197578586,2017,Apr,137578586,229.3,tt2398241,Smurfs: The Lost Village,"Adventure,Animation,Comedy"
"Feb 12, 2016",Deadpool,58000000,363070709,801025593,2016,Feb,743025593,1281.08,tt1431045,Deadpool,"Action,Adventure,Comedy"
"Dec 25, 2014",American Sniper,58000000,350126372,547326372,2014,Dec,489326372,843.67,tt2179136,American Sniper,"Action,Biography,Drama"
"Sep 10, 2010",Resident Evil: Afterlife,57500000,60128566,295874190,2010,Sep,238374190,414.56,tt1220634,Resident Evil: Afterlife,"Action,Adventure,Horror"
"Dec 25, 2014",Into the Woods,56200000,128002372,213116401,2014,Dec,156916401,279.21,tt2180411,Into the Woods,"Adventure,Comedy,Drama"
"Nov 2, 2018",Bohemian Rhapsody,55000000,216303339,894985342,2018,Nov,839985342,1527.25,tt1727824,Bohemian Rhapsody,"Biography,Drama,Music"
"Feb 11, 2005",Hitch,55000000,177784257,366784257,2005,Feb,311784257,566.88,tt2477178,Hitch,Drama
"Feb 10, 2017",Fifty Shades Darker,55000000,114434010,381398492,2017,Feb,326398492,593.45,tt4465564,Fifty Shades Darker,"Drama,Romance"
"Oct 11, 2013",Captain Phillips,55000000,107136417,220648184,2013,Oct,165648184,301.18,tt1535109,Captain Phillips,"Biography,Drama,Thriller"
"Nov 10, 2017",Murder on the Orient Express,55000000,102826543,345922730,2017,Nov,290922730,528.95,tt3402236,Murder on the Orient Express,"Crime,Drama,Mystery"
"Sep 26, 2014",The Equalizer,55000000,101530738,192903624,2014,Sep,137903624,250.73,tt0455944,The Equalizer,"Action,Crime,Thriller"
"Feb 9, 2018",Fifty Shades Freed,55000000,100407760,371350619,2018,Feb,316350619,575.18,tt4477536,Fifty Shades Freed,"Drama,Romance,Thriller"
"Jan 16, 2015",Paddington,55000000,76223578,258789097,2015,Jan,203789097,370.53,tt1109624,Paddington,"Adventure,Comedy,Family"
"May 18, 2001",Moulin Rouge,53000000,57386369,179200588,2001,May,126200588,238.11,tt2061758,Moulin Rouge,Documentary
"Feb 12, 2010",Valentine's Day,52000000,110485654,217569328,2010,Feb,165569328,318.4,tt0817230,Valentine's Day,"Comedy,Romance"
"Jun 29, 2012",Ted,50000000,218665740,556016627,2012,Jun,506016627,1012.03,tt1637725,Ted,"Comedy,Fantasy"
"Jun 13, 2014",22 Jump Street,50000000,191719337,331333876,2014,Jun,281333876,562.67,tt2294449,22 Jump Street,"Action,Comedy,Crime"
"Jun 17, 2016",Central Intelligence,50000000,127440871,217194805,2016,Jun,167194805,334.39,tt1489889,Central Intelligence,"Action,Comedy,Crime"
"Dec 18, 2013",Anchorman 2: The Legend Continues,50000000,127352707,172185754,2013,Dec,122185754,244.37,tt1229340,Anchorman 2: The Legend Continues,Comedy
"Jun 10, 2011",Super 8,50000000,127004179,257972745,2011,Jun,207972745,415.95,tt1650062,Super 8,"Mystery,Sci-Fi,Thriller"
"Nov 21, 2018",Creed II,50000000,115715889,213591522,2018,Nov,163591522,327.18,tt6343314,Creed II,"Drama,Sport"
"Feb 9, 2018",Peter Rabbit,50000000,115234093,347136477,2018,Feb,297136477,594.27,tt5117670,Peter Rabbit,"Adventure,Animation,Comedy"
"Dec 14, 2018",The Mule,50000000,103804407,170857676,2018,Dec,120857676,241.72,tt0804509,The Mule,"Comedy,Drama"
"Feb 28, 2014",Non-Stop,50000000,91742160,222383055,2014,Feb,172383055,344.77,tt2024469,Non-Stop,"Action,Mystery,Thriller"
"Jul 28, 2017",The Emoji Movie,50000000,86089513,216562312,2017,Jul,166562312,333.12,tt4877122,The Emoji Movie,"Adventure,Animation,Comedy"
"Dec 22, 2017",The Post,50000000,81903458,179748880,2017,Dec,129748880,259.5,tt6294822,The Post,"Biography,Drama,History"
"Apr 6, 2012",American Reunion,50000000,56758835,236799211,2012,Apr,186799211,373.6,tt1605630,American Reunion,Comedy
"Jan 25, 2013",Hansel & Gretel: Witch Hunters,50000000,55703475,214949716,2013,Jan,164949716,329.9,tt1428538,Hansel & Gretel: Witch Hunters,"Action,Fantasy,Horror"
"Aug 8, 2014",Into the Storm,50000000,47602194,150429371,2014,Aug,100429371,200.86,tt10449526,Into the Storm,Documentary
"Oct 18, 2002",The Ring,48000000,129094024,248218486,2002,Oct,200218486,417.12,tt10453170,The Ring,
"Dec 27, 2000",Traffic,48000000,124107476,208300000,2000,Dec,160300000,333.96,tt1821682,Traffic,"Action,Adventure,Mystery"
"Mar 29, 2002",Panic Room,48000000,95308367,196308367,2002,Mar,148308367,308.98,tt5521836,Panic Room,"Action,Drama,Mystery"
"Jan 9, 2015",Taken 3,48000000,89256424,327656424,2015,Jan,279656424,582.62,tt2446042,Taken 3,"Action,Thriller"
"Nov 11, 2016",Arrival,47000000,100546139,203127894,2016,Nov,156127894,332.19,tt2543164,Arrival,"Drama,Mystery,Sci-Fi"
"Oct 5, 2012",Taken 2,45000000,139854287,377807404,2012,Oct,332807404,739.57,tt1397280,Taken 2,"Action,Thriller"
"Dec 22, 2017",Pitch Perfect 3,45000000,104897530,185736412,2017,Dec,140736412,312.75,tt4765284,Pitch Perfect 3,"Comedy,Music"
"Dec 25, 2007",The Bucket List,45000000,93466502,174807445,2007,Dec,129807445,288.46,tt8633834,The Bucket List,"Adventure,Comedy"
"Nov 23, 2011",The Muppets,45000000,88625922,160971922,2011,Nov,115971922,257.72,tt1204342,The Muppets,"Adventure,Comedy,Family"
"Oct 7, 2016",The Girl on the Train,45000000,75395035,174278214,2016,Oct,129278214,287.28,tt2387589,The Girl on the Train,Thriller
"Mar 19, 2010",The Bounty Hunter,45000000,67061228,135808837,2010,Mar,90808837,201.8,tt1038919,The Bounty Hunter,"Action,Comedy,Romance"
"Oct 21, 2011",Johnny English Reborn,45000000,8406711,164640401,2011,Oct,119640401,265.87,tt1634122,Johnny English Reborn,"Action,Adventure,Comedy"
"Oct 12, 2012",Argo,44500000,136025503,227140757,2012,Oct,182640757,410.43,tt1024648,Argo,"Biography,Drama,Thriller"
"Jun 28, 2013",The Heat,43000000,159581587,229727774,2013,Jun,186727774,434.25,tt2404463,The Heat,"Action,Comedy,Crime"
"Mar 16, 2012",21 Jump Street,42000000,138447667,202812429,2012,Mar,160812429,382.89,tt1232829,21 Jump Street,"Action,Comedy,Crime"
"Jun 11, 2010",The Karate Kid,40000000,176591618,351774938,2010,Jun,311774938,779.44,tt1155076,The Karate Kid,"Action,Drama,Family"
"Feb 13, 2015",Fifty Shades of Grey,40000000,166167230,570998101,2015,Feb,530998101,1327.5,tt2322441,Fifty Shades of Grey,"Drama,Romance,Thriller"
"Jun 19, 2009",The Proposal,40000000,163958031,314709717,2009,Jun,274709717,686.77,tt8106592,The Proposal,Documentary
"Dec 13, 2013",American Hustle,40000000,150117807,257878294,2013,Dec,217878294,544.7,tt1800241,American Hustle,"Crime,Drama"
"Jul 25, 2014",Lucy,40000000,126573960,457507776,2014,Jul,417507776,1043.77,tt2872732,Lucy,"Action,Sci-Fi,Thriller"
"Dec 25, 2013",Lone Survivor,40000000,125095601,149804632,2013,Dec,109804632,274.51,tt1091191,Lone Survivor,"Action,Biography,Drama"
"Oct 1, 2010",The Social Network,40000000,96962694,224922135,2010,Oct,184922135,462.31,tt1285016,The Social Network,"Biography,Drama"
"Jan 15, 2016",Ride Along 2,40000000,90862685,124827316,2016,Jan,84827316,212.07,tt2869728,Ride Along 2,"Action,Comedy,Crime"
"Oct 14, 2016",The Accountant,40000000,86260045,152962083,2016,Oct,112962083,282.41,tt2140479,The Accountant,"Action,Crime,Drama"
"Nov 14, 2014",Dumb and Dumber To,40000000,86208010,156553592,2014,Nov,116553592,291.38,tt2096672,Dumb and Dumber To,"Adventure,Comedy"
"Apr 25, 2014",The Other Woman,40000000,83911193,195111193,2014,Apr,155111193,387.78,tt2203939,The Other Woman,"Comedy,Romance"
"Sep 25, 2015",The Intern,40000000,75764672,197115710,2015,Sep,157115710,392.79,tt1636456,The Intern,
"Oct 29, 2004",Ray,40000000,75305995,124823094,2004,Oct,84823094,212.06,tt9844102,Ray,Crime
"Oct 16, 2015",Bridge of Spies,40000000,72313754,162498338,2015,Oct,122498338,306.25,tt3682448,Bridge of Spies,"Drama,History,Thriller"
"Nov 4, 2016",Hacksaw Ridge,40000000,67209615,168904682,2016,Nov,128904682,322.26,tt2119532,Hacksaw Ridge,"Biography,Drama,History"
"Feb 18, 2011",Unknown,40000000,63686397,136123083,2011,Feb,96123083,240.31,tt1401152,Unknown,"Action,Mystery,Thriller"
"Jul 9, 2010",Predators,40000000,52000688,127234389,2010,Jul,87234389,218.09,tt1424381,Predators,"Action,Adventure,Sci-Fi"
"Aug 12, 2011",Final Destination 5,40000000,42587643,155011165,2011,Aug,115011165,287.53,tt1622979,Final Destination 5,Horror
"Jul 18, 2014",Sex Tape,40000000,38543473,126069509,2014,Jul,86069509,215.17,tt1956620,Sex Tape,"Comedy,Romance"
"Jan 27, 2017",Resident Evil: The Final Chapter,40000000,26844692,314101190,2017,Jan,274101190,685.25,tt2592614,Resident Evil: The Final Chapter,"Action,Horror,Sci-Fi"
"Dec 21, 2012",The Impossible,40000000,19019882,169590606,2012,Dec,129590606,323.98,tt1649419,The Impossible,"Drama,History,Thriller"
"Jun 2, 2017",Captain Underpants: The First Epic Movie,38000000,73921000,126577874,2017,Jun,88577874,233.1,tt2091256,Captain Underpants: The First Epic Movie,"Action,Animation,Comedy"
"Dec 23, 2016",Why Him?,38000000,60323786,117425156,2016,Dec,79425156,209.01,tt4501244,Why Him?,Comedy
"Apr 22, 2011",Water for Elephants,38000000,58709717,116809717,2011,Apr,78809717,207.39,tt1067583,Water for Elephants,"Drama,Romance"
"Jan 11, 2019",The Upside,37500000,108235497,119024536,2019,Jan,81524536,217.4,tt1987680,The Upside,"Comedy,Drama"
"Nov 21, 2008",Twilight,37000000,192769854,402280159,2008,Nov,365280159,987.24,tt8125482,Twilight,Documentary
"Aug 7, 2013",We're the Millers,37000000,150394119,267816276,2013,Aug,230816276,623.83,tt1723121,We're the Millers,"Comedy,Crime"
"Nov 25, 2015",Creed,37000000,109767581,173567581,2015,Nov,136567581,369.1,tt1632705,Creed,Horror
"Sep 17, 2010",The Town,37000000,92186262,152566881,2010,Sep,115566881,312.34,tt0840361,The Town,"Crime,Drama,Thriller"
"Feb 23, 2018",Game Night,37000000,69179066,117378084,2018,Feb,80378084,217.24,tt2355597,Game Night,Comedy
"Oct 5, 2018",A Star is Born,36000000,215288866,433449571,2018,Oct,397449571,1104.03,tt1776364,A Star is Born,"Documentary,Music"
"Sep 8, 2017",It,35000000,327481748,697457969,2017,Sep,662457969,1892.74,tt1396484,It,"Horror,Thriller"
"Dec 22, 2010",True Grit,35000000,171243005,252276928,2010,Dec,217276928,620.79,tt1403865,True Grit,"Adventure,Drama,Western"
"Feb 8, 2013",Identity Thief,35000000,134506920,175361578,2013,Feb,140361578,401.03,tt2024432,Identity Thief,"Adventure,Comedy,Crime"
"Jul 8, 2011",Horrible Bosses,35000000,117538559,212417601,2011,Jul,177417601,506.91,tt1499658,Horrible Bosses,"Comedy,Crime"
"Jul 17, 2015",Trainwreck,35000000,110212700,141123897,2015,Jul,106123897,303.21,tt3152624,Trainwreck,"Comedy,Drama,Romance"
"Dec 13, 2013",Saving Mr. Banks,35000000,83299761,114962525,2013,Dec,79962525,228.46,tt2140373,Saving Mr. Banks,"Biography,Comedy,Drama"
"Mar 28, 2008",21,35000000,81159365,159846429,2008,Mar,124846429,356.7,tt5097012,21,Horror
"Apr 30, 2010",A Nightmare on Elm Street,35000000,63075011,117729621,2010,Apr,82729621,236.37,tt1179056,A Nightmare on Elm Street,"Crime,Drama,Horror"
"Jul 22, 2011",Friends with Benefits,35000000,55802754,146595891,2011,Jul,111595891,318.85,tt1632708,Friends with Benefits,"Comedy,Romance"
"May 20, 2016",Neighbors 2: Sorority Rising,35000000,55340730,108757621,2016,May,73757621,210.74,tt4438848,Neighbors 2: Sorority Rising,Comedy
"Oct 28, 2011",In Time,35000000,37553932,165103952,2011,Oct,130103952,371.73,tt1637688,In Time,"Action,Crime,Drama"
"Oct 13, 2017",The Foreigner,35000000,34393507,140783360,2017,Oct,105783360,302.24,tt1615160,The Foreigner,"Action,Thriller"
"Dec 3, 2004",Closer,35000000,33987757,116177695,2004,Dec,81177695,231.94,tt3667264,Closer,Drama
"Jun 28, 2017",Baby Driver,34000000,107825862,228104185,2017,Jun,194104185,570.89,tt3890160,Baby Driver,"Action,Crime,Drama"
"Sep 19, 2014",The Maze Runner,34000000,102427862,348319861,2014,Sep,314319861,924.47,tt1790864,The Maze Runner,"Action,Mystery,Sci-Fi"
"Jul 27, 2012",Step Up Revolution,33000000,35074677,165552290,2012,Jul,132552290,401.67,tt1800741,Step Up Revolution,"Drama,Music,Romance"
"May 13, 2011",Bridesmaids,32500000,169211718,289632023,2011,May,257132023,791.18,tt1478338,Bridesmaids,"Comedy,Romance"
"Apr 1, 2011",Source Code,32000000,54712227,140428499,2011,Apr,108428499,338.84,tt0945513,Source Code,"Action,Drama,Sci-Fi"
"Apr 12, 2013",42,31000000,95020213,97470701,2013,Apr,66470701,214.42,tt0453562,42,"Biography,Drama,Sport"
"Nov 2, 2012",Flight,31000000,93772375,160558438,2012,Nov,129558438,417.93,tt1907668,Flight,"Drama,Thriller"
"Mar 7, 2014",The Grand Budapest Hotel,31000000,59076019,163981261,2014,Mar,132981261,428.97,tt2278388,The Grand Budapest Hotel,"Adventure,Comedy,Crime"
"Jul 29, 2015",Vacation,31000000,58884188,102306500,2015,Jul,71306500,230.02,tt1524930,Vacation,"Adventure,Comedy"
"Aug 15, 2018",Crazy Rich Asians,30000000,174532921,238099711,2018,Aug,208099711,693.67,tt3104988,Crazy Rich Asians,"Comedy,Romance"
"Dec 27, 2002",Chicago,30000000,170687518,306770545,2002,Dec,276770545,922.57,tt1966382,Chicago,Documentary
"Feb 10, 2012",The Vow,30000000,125014030,197618160,2012,Feb,167618160,558.73,tt1606389,The Vow,"Drama,Romance"
"Aug 16, 2013",Lee Daniels' The Butler,30000000,116632095,177025498,2013,Aug,147025498,490.08,tt1327773,Lee Daniels' The Butler,"Biography,Drama"
"Dec 18, 2015",Sisters,30000000,87044645,106030660,2015,Dec,76030660,253.44,tt1850457,Sisters,Comedy
"Jun 25, 2004",The Notebook,30000000,81001787,116025023,2004,Jun,86025023,286.75,tt2324384,The Notebook,"Drama,War"
"Sep 28, 2012",Looper,30000000,66486205,170466405,2012,Sep,140466405,468.22,tt1276104,Looper,"Action,Crime,Drama"
"Feb 1, 2013",Warm Bodies,30000000,66380662,115121608,2013,Feb,85121608,283.74,tt1588173,Warm Bodies,"Comedy,Horror,Romance"
"Jan 17, 2014",The Nut Job,30000000,64251538,122529966,2014,Jan,92529966,308.43,tt1821658,The Nut Job,"Adventure,Animation,Comedy"
"Aug 8, 2012",Hope Springs,30000000,63536011,133085295,2012,Aug,103085295,343.62,tt1535438,Hope Springs,"Comedy,Drama,Romance"
"Jan 9, 2009",Bride Wars,30000000,58715510,115150424,2009,Jan,85150424,283.83,tt3833460,Bride Wars,Comedy
"May 20, 2011",Midnight in Paris,30000000,56816662,162502774,2011,May,132502774,441.68,tt10340148,Midnight in Paris,"Comedy,Documentary,Drama"
"Nov 22, 2017",Darkest Hour,30000000,56443120,150807172,2017,Nov,120807172,402.69,tt4555426,Darkest Hour,"Biography,Drama,History"
"Jul 24, 2015",Southpaw,30000000,52421953,94156456,2015,Jul,64156456,213.85,tt1798684,Southpaw,"Drama,Sport"
"Jul 28, 2017",Atomic Blonde,30000000,51573925,98345423,2017,Jul,68345423,227.82,tt2406566,Atomic Blonde,"Action,Mystery,Thriller"
"Aug 6, 2010",Step Up 3D,30000000,42400223,165889117,2010,Aug,135889117,452.96,tt1193631,Step Up 3D,"Drama,Music,Romance"
"Feb 4, 2011",Sanctum,30000000,23209310,108957098,2011,Feb,78957098,263.19,tt0881320,Sanctum,"Adventure,Drama,Thriller"
"Aug 25, 2017",Ballerina,30000000,21858070,96892829,2017,Aug,66892829,222.98,tt2560702,Ballerina,"Biography,Documentary"
"Apr 28, 2017",Baahubali 2: The Conclusion,30000000,18985794,263502914,2017,Apr,233502914,778.34,tt4849438,Baahubali 2: The Conclusion,"Action,Drama"
"May 15, 2015",Pitch Perfect 2,29000000,184296230,287625468,2015,May,258625468,891.81,tt2848292,Pitch Perfect 2,"Comedy,Music"
"Sep 28, 2018",Night School,29000000,77339130,103008792,2018,Sep,74008792,255.2,tt5599520,Night School,Documentary
"Aug 14, 2015",Straight Outta Compton,28000000,161197785,202182981,2015,Aug,174182981,622.08,tt1398426,Straight Outta Compton,"Biography,Drama,History"
"Jul 21, 2017",Girls Trip,28000000,115108515,140886353,2017,Jul,112886353,403.17,tt3564472,Girls Trip,"Comedy,Drama"
"Nov 1, 2017",A Bad Moms Christmas,28000000,72110659,127710550,2017,Nov,99710550,356.11,tt6359956,A Bad Moms Christmas,"Adventure,Comedy"
"Feb 14, 2013",Safe Haven,28000000,71399120,94050951,2013,Feb,66050951,235.9,tt1702439,Safe Haven,"Drama,Romance,Thriller"
"Dec 11, 2015",The Big Short,28000000,70259870,133162752,2015,Dec,105162752,375.58,tt1596363,The Big Short,"Biography,Comedy,Drama"
"Nov 7, 2008",Role Models,28000000,67300955,94500826,2008,Nov,66500826,237.5,tt2914200,Role Models,Documentary
"Oct 10, 2014","Alexander and the Terrible, Horrible, No Good, Very Bad Day",28000000,66954149,101379287,2014,Oct,73379287,262.07,tt1698641,"Alexander and the Terrible, Horrible, No Good, Very Bad Day","Comedy,Family"
"Jan 28, 2013",Last Vegas,28000000,63914167,112914167,2013,Jan,84914167,303.26,tt1204975,Last Vegas,"Comedy,Drama"
"Apr 16, 2010",Kick-Ass,28000000,48071303,97531134,2010,Apr,69531134,248.33,tt1250777,Kick-Ass,"Action,Comedy"
"Mar 18, 2011",Limitless,27000000,79249455,155564919,2011,Mar,128564919,476.17,tt1219289,Limitless,"Mystery,Sci-Fi,Thriller"
"May 13, 2016",Money Monster,27000000,41012075,93466095,2016,May,66466095,246.17,tt2241351,Money Monster,"Crime,Drama,Thriller"
"Aug 19, 2005",Red Eye,26000000,57891803,96666486,2005,Aug,70666486,271.79,tt4828330,Red Eye,Horror
"Apr 26, 2013",Pain & Gain,26000000,49875291,81275291,2013,Apr,55275291,212.6,tt1980209,Pain & Gain,"Action,Comedy,Crime"
"Aug 10, 2011",The Help,25000000,169705587,213120004,2011,Aug,188120004,752.48,tt1454029,The Help,Drama
"Dec 25, 2016",Hidden Figures,25000000,169607287,231771716,2016,Dec,206771716,827.09,tt4846340,Hidden Figures,"Biography,Drama,History"
"Jan 17, 2014",Ride Along,25000000,134202565,153733800,2014,Jan,128733800,514.94,tt1408253,Ride Along,"Action,Comedy,Crime"
"Feb 5, 2010",Dear John,25000000,80014842,142033509,2010,Feb,117033509,468.13,tt0989757,Dear John,"Drama,Romance,War"
"Dec 25, 2012",Parental Guidance,25000000,77267296,120832383,2012,Dec,95832383,383.33,tt1047540,Parental Guidance,"Comedy,Family"
"Dec 15, 2000",Chocolat,25000000,71309760,152500343,2000,Dec,127500343,510.0,tt4400038,Chocolat,"Biography,Drama"
"Jan 21, 2011",No Strings Attached,25000000,70662220,149228078,2011,Jan,124228078,496.91,tt1411238,No Strings Attached,"Comedy,Romance"
"Jan 13, 2012",Contraband,25000000,66528000,98406855,2012,Jan,73406855,293.63,tt1524137,Contraband,"Action,Crime,Drama"
"Apr 20, 2012",The Lucky One,25000000,60457138,96633833,2012,Apr,71633833,286.54,tt1327194,The Lucky One,"Drama,Romance"
"Jan 27, 2012",The Grey,25000000,51580136,81249176,2012,Jan,56249176,225.0,tt1601913,The Grey,"Action,Adventure,Drama"
"Jan 28, 2005",Hide and Seek,25000000,51100486,123696741,2005,Jan,98696741,394.79,tt3155654,Hide and Seek,"Action,Horror,Mystery"
"Feb 3, 2017",Rings,25000000,27793018,82917283,2017,Feb,57917283,231.67,tt0498381,Rings,"Drama,Horror,Mystery"
"Apr 7, 2017",Going in Style,24000000,45018541,78672579,2017,Apr,54672579,227.8,tt2568862,Going in Style,"Comedy,Crime"
"Nov 21, 2007",Hitman,24000000,39687694,99135571,2007,Nov,75135571,313.06,tt2261633,Hitman,Action
"Aug 20, 2010",Piranha 3D,24000000,25003155,83660160,2010,Aug,59660160,248.58,tt0464154,Piranha 3D,"Comedy,Horror"
"Nov 16, 2018",Green Book,23000000,85080171,322034439,2018,Nov,299034439,1300.15,tt6966692,Green Book,"Biography,Comedy,Drama"
"Jan 16, 2015",The Wedding Ringer,23000000,64460211,80171596,2015,Jan,57171596,248.57,tt0884732,The Wedding Ringer,Comedy
"Mar 17, 2000",Final Destination,23000000,53302314,112036870,2000,Mar,89036870,387.12,tt5056454,Final Destination,Documentary
"Oct 7, 2011",The Ides of March,23000000,40962534,77735925,2011,Oct,54735925,237.98,tt1124035,The Ides of March,"Drama,Thriller"
"Feb 28, 2014",Son of God,22000000,59700064,70949793,2014,Feb,48949793,222.5,tt1805411,Son of God,Documentary
"Aug 8, 2014",The Hundred-Foot Journey,22000000,54235441,94270488,2014,Aug,72270488,328.5,tt2980648,The Hundred-Foot Journey,"Comedy,Drama"
"Aug 3, 2012",Diary of a Wimpy Kid: Dog Days,22000000,49008662,77229695,2012,Aug,55229695,251.04,tt2023453,Diary of a Wimpy Kid: Dog Days,"Comedy,Family"
"Nov 22, 2013",Delivery Man,22000000,30659817,70536870,2013,Nov,48536870,220.62,tt2387559,Delivery Man,"Comedy,Drama"
"Sep 4, 2015",The Transporter Refueled,22000000,16029670,69698495,2015,Sep,47698495,216.81,tt2938956,The Transporter Refueled,"Action,Adventure,Crime"
"Jun 22, 2012",To Rome with Love,21500000,16684352,74326015,2012,Jun,52826015,245.7,tt1859650,To Rome with Love,"Comedy,Music,Romance"
"Nov 16, 2012",Silver Linings Playbook,21000000,132092958,236412453,2012,Nov,215412453,1025.77,tt1045658,Silver Linings Playbook,"Comedy,Drama,Romance"
"Apr 6, 2018",Blockers,21000000,60311495,94045328,2018,Apr,73045328,347.83,tt2531344,Blockers,Comedy
"Apr 5, 2019",Pet Sematary,21000000,54724696,109501146,2019,Apr,88501146,421.43,tt0837563,Pet Sematary,"Horror,Mystery,Thriller"
"Dec 9, 2011",Tinker Tailor Soldier Spy,21000000,24149393,81452811,2011,Dec,60452811,287.87,tt1340800,Tinker Tailor Soldier Spy,"Drama,Mystery,Thriller"
"Mar 22, 2019",Us,20000000,175006930,254210310,2019,Mar,234210310,1171.05,tt2708782,Us,Drama
"Dec 9, 2016",La La Land,20000000,151101803,426351163,2016,Dec,406351163,2031.76,tt3783958,La La Land,"Comedy,Drama,Music"
"Jul 19, 2013",The Conjuring,20000000,137400141,318000141,2013,Jul,298000141,1490.0,tt1457767,The Conjuring,"Horror,Mystery,Thriller"
"Nov 17, 2017",Wonder,20000000,132422809,304604712,2017,Nov,284604712,1423.02,tt2543472,Wonder,"Drama,Family"
"Oct 15, 2010",Jackass 3D,20000000,117229692,171685793,2010,Oct,151685793,758.43,tt1116184,Jackass 3D,"Action,Comedy,Documentary"
"Jul 29, 2016",Bad Moms,20000000,113257297,180998716,2016,Jul,160998716,804.99,tt4651520,Bad Moms,Comedy
"Jan 18, 2019",Glass,20000000,111035005,245303505,2019,Jan,225303505,1126.52,tt2249232,Glass,
"Jul 2, 2014",Tammy,20000000,84525432,96407655,2014,Jul,76407655,382.04,tt2103254,Tammy,"Comedy,Romance"
"Nov 16, 2011",The Descendants,20000000,82624961,175507800,2011,Nov,155507800,777.54,tt1033575,The Descendants,"Comedy,Drama"
"Oct 3, 2003",School of Rock,20000000,81261177,131944672,2003,Oct,111944672,559.72,tt8526282,School of Rock,Music
"Apr 24, 2009",Obsessed,20000000,68261644,73964713,2009,Apr,53964713,269.82,tt3303730,Obsessed,Drama
"Mar 31, 2010",The Last Song,20000000,62950384,92678948,2010,Mar,72678948,363.39,tt1294226,The Last Song,"Drama,Music,Romance"
"Apr 2, 2010",Why Did I Get Married Too?,20000000,60095852,60831067,2010,Apr,40831067,204.16,tt1391137,Why Did I Get Married Too?,"Comedy,Drama,Romance"
"Oct 18, 2013",12 Years a Slave,20000000,56671993,181025343,2013,Oct,161025343,805.13,tt2024544,12 Years a Slave,"Biography,Drama,History"
"Jun 3, 2016",Me Before You,20000000,56245075,208265198,2016,Jun,188265198,941.33,tt2674426,Me Before You,"Drama,Romance"
"Feb 8, 2019",What Men Want,20000000,54611903,69911903,2019,Feb,49911903,249.56,tt7634968,What Men Want,"Comedy,Fantasy,Romance"
"Sep 14, 2018",A Simple Favor,20000000,53548586,97628717,2018,Sep,77628717,388.14,tt7040874,A Simple Favor,"Comedy,Crime,Drama"
"Jan 9, 2015",Selma,20000000,52076908,66776576,2015,Jan,46776576,233.88,tt1020072,Selma,"Biography,Drama,History"
"Nov 6, 2015",Spotlight,20000000,45055776,92088460,2015,Nov,72088460,360.44,tt1895587,Spotlight,"Crime,Drama"
"Jul 24, 2009",Orphan,20000000,41596251,78769428,2009,Jul,58769428,293.85,tt4746516,Orphan,Drama
"Nov 17, 2017",The Star,20000000,40847995,62758010,2017,Nov,42758010,213.79,tt4587656,The Star,"Adventure,Animation,Comedy"
"Jul 27, 2016",Nerve,20000000,38583626,70652284,2016,Jul,50652284,253.26,tt1772317,Nerve,"Comedy,Drama"
"Aug 18, 2010",Vampires Suck,20000000,36661504,81424988,2010,Aug,61424988,307.12,tt1666186,Vampires Suck,Comedy
"Sep 1, 2010",The American,20000000,35606376,67950723,2010,Sep,47950723,239.75,tt1440728,The American,"Crime,Drama,Thriller"
"Dec 1, 2017",The Shape of Water,19500000,63859435,195790794,2017,Dec,176290794,904.06,tt5580390,The Shape of Water,"Adventure,Drama,Fantasy"
"Jun 24, 2011",Bad Teacher,19000000,100292856,215448997,2011,Jun,196448997,1033.94,tt1284575,Bad Teacher,"Comedy,Romance"
"Aug 12, 2016",Sausage Party,19000000,97670358,141344255,2016,Aug,122344255,643.92,tt1700841,Sausage Party,"Adventure,Animation,Comedy"
"Nov 8, 2013",The Book Thief,19000000,21488481,76086711,2013,Nov,57086711,300.46,tt0816442,The Book Thief,"Drama,War"
"May 9, 2014",Neighbors,18000000,150086800,270944428,2014,May,252944428,1405.25,tt2004420,Neighbors,Comedy
"Mar 25, 2016",My Big Fat Greek Wedding 2,18000000,59689605,92096558,2016,Mar,74096558,411.65,tt3760922,My Big Fat Greek Wedding 2,"Comedy,Romance"
"Sep 11, 2015",The Perfect Guy,18000000,57027435,60278166,2015,Sep,42278166,234.88,tt3862750,The Perfect Guy,"Crime,Drama,Horror"
"Mar 25, 2011",Diary of a Wimpy Kid: Rodrick Rules,18000000,52698535,73695194,2011,Mar,55695194,309.42,tt1650043,Diary of a Wimpy Kid: Rodrick Rules,"Comedy,Family"
"Oct 17, 2014",Birdman or (The Unexpected Virtue of Ignorance),18000000,42340598,103215094,2014,Oct,85215094,473.42,tt2562232,Birdman or (The Unexpected Virtue of Ignorance),"Comedy,Drama"
"Jul 26, 2013",Blue Jasmine,18000000,33404871,102912961,2013,Jul,84912961,471.74,tt2334873,Blue Jasmine,Drama
"Dec 5, 2003",Honey,18000000,30272254,62646763,2003,Dec,44646763,248.04,tt1571724,Honey,Drama
"Sep 25, 2009",Fame,18000000,22455510,80227619,2009,Sep,62227619,345.71,tt5861350,Fame,Documentary
"Nov 5, 2010",127 Hours,18000000,18335230,60217171,2010,Nov,42217171,234.54,tt1542344,127 Hours,"Adventure,Biography,Drama"
"Jan 13, 2006",Hoodwinked,17500000,51386611,109843390,2006,Jan,92343390,527.68,tt2196200,Hoodwinked,Documentary
"Apr 6, 2018",A Quiet Place,17000000,188024361,334522294,2018,Apr,317522294,1867.78,tt6347308,A Quiet Place,Documentary
"Nov 15, 2013",The Best Man Holiday,17000000,70525195,72835710,2013,Nov,55835710,328.45,tt2083355,The Best Man Holiday,"Comedy,Drama"
"Sep 28, 2012",Pitch Perfect,17000000,65001093,116044347,2012,Sep,99044347,582.61,tt1981677,Pitch Perfect,"Comedy,Music,Romance"
"Apr 5, 2013",Evil Dead,17000000,54239856,97778356,2013,Apr,80778356,475.17,tt1288558,Evil Dead,"Fantasy,Horror,Thriller"
"Aug 18, 2006",The Illusionist,16500000,39868642,83792062,2006,Aug,67292062,407.83,tt0775489,The Illusionist,"Animation,Drama"
"May 19, 2000",Road Trip,16000000,68525609,119739110,2000,May,103739110,648.37,tt3233610,Road Trip,Horror
"May 25, 2012",Moonrise Kingdom,16000000,45512466,68848446,2012,May,52848446,330.3,tt1748122,Moonrise Kingdom,"Adventure,Comedy,Drama"
"Nov 25, 2011",The Artist,16000000,44667095,128256712,2011,Nov,112256712,701.6,tt1655442,The Artist,"Comedy,Drama,Romance"
"Jan 9, 2009",The Unborn,16000000,42670410,78208812,2009,Jan,62208812,388.81,tt10423074,The Unborn,Horror
"Feb 4, 2011",The Roommate,16000000,37300107,52545707,2011,Feb,36545707,228.41,tt1265990,The Roommate,"Drama,Thriller"
"Mar 12, 2010",Remember Me,16000000,19068240,56506120,2010,Mar,40506120,253.16,tt1403981,Remember Me,"Drama,Romance"
"Dec 21, 2018",Second Act,15700000,39282227,63288854,2018,Dec,47588854,303.11,tt2126357,Second Act,"Comedy,Drama,Romance"
"Aug 11, 2017",Annabelle: Creation,15000000,102092201,305384865,2017,Aug,290384865,1935.9,tt5140878,Annabelle: Creation,"Horror,Mystery,Thriller"
"Nov 28, 2014",The Imitation Game,15000000,91125143,227740463,2014,Nov,212740463,1418.27,tt2084970,The Imitation Game,"Biography,Drama,Thriller"
"Jan 18, 2013",Mama,15000000,71628180,148095566,2013,Jan,133095566,887.3,tt1805319,Mama,Drama
"Mar 19, 2010",Diary of a Wimpy Kid,15000000,64003625,76954311,2010,Mar,61954311,413.03,tt1196141,Diary of a Wimpy Kid,"Comedy,Drama,Family"
"Aug 31, 2007",Halloween,15000000,58269151,77514401,2007,Aug,62514401,416.76,tt1502407,Halloween,"Horror,Thriller"
"Sep 30, 2006",The Queen,15000000,56441711,128885873,2006,Sep,113885873,759.24,tt2548096,The Queen,"Action,Drama,War"
"Feb 3, 2012",The Woman in Black,15000000,54333290,128955898,2012,Feb,113955898,759.71,tt1596365,The Woman in Black,"Drama,Fantasy,Horror"
"Aug 10, 2018",BlacKkKlansman,15000000,49275340,93017335,2018,Aug,78017335,520.12,tt7349662,BlacKkKlansman,"Biography,Crime,Drama"
"Feb 22, 2013",Snitch,15000000,42930462,57907734,2013,Feb,42907734,286.05,tt0882977,Snitch,"Action,Drama,Thriller"
"Dec 4, 2015",Krampus,15000000,42725475,61788393,2015,Dec,46788393,311.92,tt3850590,Krampus,"Comedy,Fantasy,Horror"
"Sep 21, 2012",End of Watch,15000000,41003371,57586606,2012,Sep,42586606,283.91,tt1855199,End of Watch,"Action,Crime,Drama"
"Dec 3, 2014",Wild,15000000,37880356,52460543,2014,Dec,37460543,249.74,tt2305051,Wild,"Adventure,Biography,Drama"
"Nov 7, 2014",The Theory of Everything,15000000,35893537,123327692,2014,Nov,108327692,722.18,tt2980516,The Theory of Everything,"Biography,Drama,Romance"
"Sep 16, 2011",Drive,15000000,35060689,81357930,2011,Sep,66357930,442.39,tt0780504,Drive,"Crime,Drama"
"Nov 23, 2018",The Favourite,15000000,34366783,94113929,2018,Nov,79113929,527.43,tt5083738,The Favourite,"Biography,Drama,History"
"Mar 29, 2013",The Place Beyond the Pines,15000000,21403519,47011449,2013,Mar,32011449,213.41,tt1817273,The Place Beyond the Pines,"Crime,Drama,Thriller"
"Aug 19, 2011",One Day,15000000,13843771,59168692,2011,Aug,44168692,294.46,tt1563738,One Day,"Drama,Romance"
"Jul 1, 2015",Magic Mike XXL,14500000,66013057,123660597,2015,Jul,109160597,752.83,tt2268016,Magic Mike XXL,"Comedy,Drama,Music"
"Aug 31, 2012",The Possession,14000000,49130588,82925064,2012,Aug,68925064,492.32,tt0431021,The Possession,"Horror,Mystery,Thriller"
"Jan 13, 2012",The Iron Lady,14000000,29959436,115592104,2012,Jan,101592104,725.66,tt1007029,The Iron Lady,"Biography,Drama"
"Sep 12, 2014",No Good Deed,13200000,52543632,54323210,2014,Sep,41123210,311.54,tt2011159,No Good Deed,"Action,Crime,Drama"
"Dec 3, 2010",Black Swan,13000000,106954678,331266710,2010,Dec,318266710,2448.21,tt0947798,Black Swan,"Drama,Thriller"
"Feb 11, 2011",Justin Bieber: Never Say Never,13000000,73013910,99034125,2011,Feb,86034125,661.8,tt1702443,Justin Bieber: Never Say Never,"Documentary,Music"
"Jul 4, 2018",The First Purge,13000000,69488745,136617305,2018,Jul,123617305,950.9,tt6133466,The First Purge,"Action,Horror,Sci-Fi"
"Mar 16, 2016",Miracles from Heaven,13000000,61705123,73798736,2016,Mar,60798736,467.68,tt4257926,Miracles from Heaven,"Biography,Drama,Family"
"Feb 11, 2000",Snow Day,13000000,60008303,62452927,2000,Feb,49452927,380.41,tt4163946,Snow Day,"Action,Documentary,Drama"
"Jan 23, 2004",The Butterfly Effect,13000000,57924679,95638592,2004,Jan,82638592,635.68,tt6112220,The Butterfly Effect,"Comedy,Crime,Drama"
"Jun 24, 2016",The Shallows,13000000,55121623,118763442,2016,Jun,105763442,813.56,tt4052882,The Shallows,"Drama,Horror,Thriller"
"Feb 14, 2014",About Last Night,13000000,48637684,50445860,2014,Feb,37445860,288.05,tt1826590,About Last Night,"Comedy,Romance"
"Oct 10, 2014",St. Vincent,13000000,44137712,54837234,2014,Oct,41837234,321.82,tt2170593,St. Vincent,"Comedy,Drama"
"Jul 2, 2014",Earth to Echo,13000000,38934842,42174545,2014,Jul,29174545,224.42,tt2183034,Earth to Echo,"Adventure,Family,Sci-Fi"
"Jul 17, 2015",Bajrangi Bhaijaan,13000000,8178001,121778347,2015,Jul,108778347,836.76,tt3863552,Bajrangi Bhaijaan,"Action,Comedy,Drama"
"Mar 15, 2013",The Call,12800000,51872378,69821476,2013,Mar,57021476,445.48,tt1911644,The Call,"Crime,Drama,Horror"
"Sep 3, 2010",Machete,12500000,26593646,46370970,2010,Sep,33870970,270.97,tt0985694,Machete,"Action,Crime,Thriller"
"Jun 6, 2014",The Fault in Our Stars,12000000,124872350,307166834,2014,Jun,295166834,2459.72,tt2582846,The Fault in Our Stars,"Drama,Romance"
"Apr 20, 2012",Think Like a Man,12000000,91547205,113373764,2012,Apr,101373764,844.78,tt1621045,Think Like a Man,"Comedy,Romance"
"Feb 24, 2012",Act of Valor,12000000,70012847,82497035,2012,Feb,70497035,587.48,tt1591479,Act of Valor,"Action,Adventure,Drama"
"Aug 11, 2006",Step Up,12000000,65328121,110989157,2006,Aug,98989157,824.91,tt2516968,Step Up,"Biography,Documentary,Drama"
"Feb 3, 2012",Chronicle,12000000,64575175,123681790,2012,Feb,111681790,930.68,tt1706593,Chronicle,"Drama,Sci-Fi,Thriller"
"Mar 2, 2012",Project X,12000000,54731865,103028188,2012,Mar,91028188,758.57,tt1636826,Project X,Comedy
"Nov 10, 2017","Three Billboards Outside Ebbing, Missouri",12000000,54513740,160191915,2017,Nov,148191915,1234.93,tt5027774,"Three Billboards Outside Ebbing, Missouri","Crime,Drama"
"Nov 25, 2016",Lion,12000000,51739495,149570720,2016,Nov,137570720,1146.42,tt2989872,Lion,"Comedy,Drama,Romance"
"May 4, 2018",Overboard,12000000,50316123,85369830,2018,May,73369830,611.42,tt1563742,Overboard,"Comedy,Romance"
"Nov 22, 2013",Philomena,12000000,37709979,98963392,2013,Nov,86963392,724.69,tt2431286,Philomena,"Biography,Comedy,Drama"
"Feb 15, 2002",Crossroads,12000000,37188667,57000000,2002,Feb,45000000,375.0,tt1842448,Crossroads,Drama
"Jul 24, 2015",Paper Towns,12000000,32000304,85450484,2015,Jul,73450484,612.09,tt3622592,Paper Towns,"Comedy,Drama,Mystery"
"Oct 10, 2008",Quarantine,12000000,31691811,41924774,2008,Oct,29924774,249.37,tt2317003,Quarantine,"Documentary,Family"
"Aug 12, 2016",Hell or High Water,12000000,27007844,37584304,2016,Aug,25584304,213.2,tt2582782,Hell or High Water,"Action,Crime,Drama"
"Nov 1, 2013",About Time,12000000,15323921,89309178,2013,Nov,77309178,644.24,tt2194499,About Time,"Comedy,Drama,Fantasy"
"Nov 20, 2015",Carol,11800000,12711491,42843521,2015,Nov,31043521,263.08,tt2402927,Carol,"Drama,Romance"
"Jan 22, 2016",Dirty Grandpa,11500000,35593113,105078449,2016,Jan,93578449,813.73,tt1860213,Dirty Grandpa,Comedy
"Dec 10, 2010",The Fighter,11000000,93617009,129262388,2010,Dec,118262388,1075.11,tt0964517,The Fighter,"Biography,Drama,Sport"
"Aug 22, 2014",If I Stay,11000000,50474843,78356170,2014,Aug,67356170,612.33,tt1355630,If I Stay,"Drama,Fantasy,Music"
"Nov 4, 2015",Brooklyn,11000000,38322743,62076141,2015,Nov,51076141,464.33,tt2381111,Brooklyn,"Drama,Romance"
"Apr 1, 2015",Woman in Gold,11000000,33307793,58586407,2015,Apr,47586407,432.6,tt2404425,Woman in Gold,"Biography,Drama,History"
"Dec 8, 2017","I, Tonya",11000000,30014534,53797409,2017,Dec,42797409,389.07,tt5580036,"I, Tonya","Biography,Comedy,Drama"
"Jan 11, 2013",Quartet,11000000,18388357,56178935,2013,Jan,45178935,410.72,tt1441951,Quartet,"Comedy,Drama"
"Jul 6, 2016",Sultan,11000000,5599781,72989781,2016,Jul,61989781,563.54,tt2650286,Sultan,"Drama,Romance"
"Dec 25, 2004",Darkness,10600000,22163442,34409206,2004,Dec,23809206,224.62,tt3961040,Darkness,Drama
"Oct 22, 2004",The Grudge,10000000,110359362,187281115,2004,Oct,177281115,1772.81,tt10443830,The Grudge,
"Jul 1, 2016",The Purge: Election Year,10000000,79042440,118514727,2016,Jul,108514727,1085.15,tt4094724,The Purge: Election Year,"Action,Horror,Sci-Fi"
"May 18, 2018",Book Club,10000000,68566296,91113683,2018,May,81113683,811.14,tt4727712,Book Club,Documentary
"Jan 5, 2018",Insidious: The Last Key,10000000,67745330,167885588,2018,Jan,157885588,1578.86,tt5726086,Insidious: The Last Key,"Horror,Mystery,Thriller"
"Nov 3, 2017",Lady Bird,10000000,48958273,78610769,2017,Nov,68610769,686.11,tt4925292,Lady Bird,"Comedy,Drama"
"May 4, 2012",The Best Exotic Marigold Hotel,10000000,46383639,134639780,2012,May,124639780,1246.4,tt1412386,The Best Exotic Marigold Hotel,"Comedy,Drama,Romance"
"Jun 8, 2018",Hereditary,10000000,44069456,70133905,2018,Jun,60133905,601.34,tt7784604,Hereditary,"Drama,Horror,Mystery"
"Mar 16, 2018","Love, Simon",10000000,40826341,65520633,2018,Mar,55520633,555.21,tt5164432,"Love, Simon","Comedy,Drama,Romance"
"Oct 27, 2017",Jigsaw,10000000,38052832,102445196,2017,Oct,92445196,924.45,tt3348730,Jigsaw,"Crime,Horror,Mystery"
"Jan 22, 2016",The Boy,10000000,35819556,68220952,2016,Jan,58220952,582.21,tt2443822,The Boy,"Drama,Horror,Thriller"
"May 19, 2017","Everything, Everything",10000000,34121140,61603136,2017,May,51603136,516.03,tt5001718,"Everything, Everything","Drama,Romance"
"Sep 17, 2010",Devil,10000000,33679655,63354114,2010,Sep,53354114,533.54,tt1314655,Devil,"Horror,Mystery,Thriller"
"Mar 6, 2015",The Second Best Exotic Marigold Hotel,10000000,33078266,90384306,2015,Mar,80384306,803.84,tt2555736,The Second Best Exotic Marigold Hotel,"Comedy,Drama"
"Apr 28, 2017",How to Be a Latin Lover,10000000,32149404,62556228,2017,Apr,52556228,525.56,tt4795124,How to Be a Latin Lover,"Comedy,Drama"
"Dec 19, 2003",Calendar Girls,10000000,31011616,93074616,2003,Dec,83074616,830.75,tt4897908,Calendar Girls,Drama
"Aug 10, 2018",Slender Man,10000000,30564825,51723644,2018,Aug,41723644,417.24,tt5690360,Slender Man,"Horror,Mystery,Thriller"
"Sep 9, 2016",When the Bough Breaks,10000000,29747603,30768449,2016,Sep,20768449,207.68,tt1389139,When the Bough Breaks,"Crime,Drama,Horror"
"Aug 21, 2015",Sinister 2,10000000,27740955,54104225,2015,Aug,44104225,441.04,tt2752772,Sinister 2,"Horror,Mystery,Thriller"
"Jan 8, 2016",The Forest,10000000,26594261,40749230,2016,Jan,30749230,307.49,tt1488602,The Forest,"Horror,Thriller"
"Apr 26, 2013",Mud,10000000,21590086,31556959,2013,Apr,21556959,215.57,tt1935179,Mud,Drama
"Nov 12, 2010",Skyline,10000000,21416355,68264973,2010,Nov,58264973,582.65,tt1564585,Skyline,"Action,Sci-Fi,Thriller"
"Sep 16, 2016",Blair Witch,10000000,20777061,38985577,2016,Sep,28985577,289.86,tt1540011,Blair Witch,"Horror,Mystery,Thriller"
"Oct 23, 2015",Paranormal Activity: The Ghost Dimension,10000000,18297124,77959374,2015,Oct,67959374,679.59,tt2473510,Paranormal Activity: The Ghost Dimension,"Horror,Mystery,Thriller"
"Nov 23, 2011",My Week with Marilyn,10000000,14597405,34240572,2011,Nov,24240572,242.41,tt1655420,My Week with Marilyn,"Biography,Drama"
"Dec 19, 2000",The Gift,10000000,12008642,44567606,2000,Dec,34567606,345.68,tt1494821,The Gift,Drama
"Jan 25, 2013",Movie 43,10000000,8840453,31164747,2013,Jan,21164747,211.65,tt1333125,Movie 43,Comedy
"Dec 19, 2012",Amour,9700000,6738954,36787044,2012,Dec,27087044,279.25,tt1602620,Amour,"Drama,Romance"
"Dec 21, 2016",Dangal,9500000,12391761,294654618,2016,Dec,285154618,3001.63,tt5074352,Dangal,"Action,Biography,Drama"
"Jul 18, 2014",The Purge: Anarchy,9000000,71562550,111534881,2014,Jul,102534881,1139.28,tt2975578,The Purge: Anarchy,"Action,Horror,Sci-Fi"
"May 30, 2008",The Strangers,9000000,52597610,83051676,2008,May,74051676,822.8,tt2529924,The Strangers,"Action,Drama,Horror"
"Oct 21, 2016",Ouija: Origin of Evil,9000000,35144505,81831866,2016,Oct,72831866,809.24,tt4361050,Ouija: Origin of Evil,"Drama,Horror,Mystery"
"Feb 13, 2019",Happy Death Day 2U,9000000,28051045,64179495,2019,Feb,55179495,613.11,tt8155288,Happy Death Day 2U,"Drama,Horror,Mystery"
"Dec 2, 2016",Jackie,9000000,13960394,36588512,2016,Dec,27588512,306.54,tt1619029,Jackie,"Biography,Drama,History"
"Nov 30, 2007",Awake,8600000,14373825,32968648,2007,Nov,24368648,283.36,tt6946440,Awake,Drama
"Nov 18, 2016",Manchester by the Sea,8500000,47695371,77733867,2016,Nov,69233867,814.52,tt4034228,Manchester by the Sea,Drama
"Oct 31, 2014",Nightcrawler,8500000,32381218,50334418,2014,Oct,41834418,492.17,tt2872718,Nightcrawler,"Crime,Drama,Thriller"
"Jan 16, 2019",Dragon Ball Super: Broly,8500000,30376755,122747755,2019,Jan,114247755,1344.09,tt7961060,Dragon Ball Super: Broly,"Action,Adventure,Animation"
"Dec 31, 2017",Posledniy bogatyr,8500000,0,30700192,2017,Dec,22200192,261.18,tt6175394,Posledniy bogatyr,"Action,Adventure,Comedy"
"May 31, 2013",Yeh Jawaani Hai Deewani,8300000,3827466,50827466,2013,May,42527466,512.38,tt2178470,Yeh Jawaani Hai Deewani,"Comedy,Drama,Musical"
"Sep 17, 2010",Easy A,8000000,58401464,76200721,2010,Sep,68200721,852.51,tt1282140,Easy A,"Comedy,Drama,Romance"
"May 3, 2019",The Intruder,8000000,35095904,36005871,2019,May,28005871,350.07,tt1773741,The Intruder,Horror
"Sep 30, 2011",50/50,8000000,35016118,41334735,2011,Sep,33334735,416.68,tt1306980,50/50,"Comedy,Drama,Romance"
"Sep 2, 2015",A Walk in the Woods,8000000,29499394,37119358,2015,Sep,29119358,363.99,tt1178665,A Walk in the Woods,"Adventure,Biography,Comedy"
"Oct 11, 2002",Brown Sugar,8000000,27362712,28315272,2002,Oct,20315272,253.94,tt2675102,Brown Sugar,Drama
"Jan 31, 2014",That Awkward Moment,8000000,26068955,53068955,2014,Jan,45068955,563.36,tt1800246,That Awkward Moment,"Comedy,Romance"
"Mar 21, 2008",Shutter,8000000,25928550,47782426,2008,Mar,39782426,497.28,tt2522328,Shutter,Thriller
"Sep 18, 2013",Enough Said,8000000,17550872,25621449,2013,Sep,17621449,220.27,tt2390361,Enough Said,"Comedy,Drama,Romance"
"Jan 30, 2009",New in Town,8000000,16734283,29937909,2009,Jan,21937909,274.22,tt6179182,New in Town,"Adventure,Comedy,Fantasy"
"Jun 27, 2014",Begin Again,8000000,16170632,68838736,2014,Jun,60838736,760.48,tt1945037,Begin Again,"Drama,Family"
"Jul 4, 2003",Swimming Pool,7800000,10130108,24021282,2003,Jul,16221282,207.97,tt6419386,Swimming Pool,
"Jan 13, 2017",The Bye Bye Man,7400000,22395806,31187727,2017,Jan,23787727,321.46,tt4030600,The Bye Bye Man,"Drama,Fantasy,Horror"
"May 6, 2005",Crash,7303082,55334418,101173038,2005,May,93869956,1285.35,tt2822062,Crash,Thriller
"Jun 29, 2012",Magic Mike,7000000,113721571,170549753,2012,Jun,163549753,2336.43,tt1915581,Magic Mike,"Comedy,Drama"
"Mar 16, 2018",I Can Only Imagine,7000000,83482352,85604221,2018,Mar,78604221,1122.92,tt6450186,I Can Only Imagine,"Biography,Drama,Family"
"Mar 15, 2019",Five Feet Apart,7000000,45729221,80504421,2019,Mar,73504421,1050.06,tt6472976,Five Feet Apart,"Drama,Romance"
"May 6, 2011",Jumping the Broom,7000000,37295394,38158601,2011,May,31158601,445.12,tt1640484,Jumping the Broom,"Comedy,Drama"
"Apr 7, 2017",Gifted,7000000,24801212,36964656,2017,Apr,29964656,428.07,tt3727750,Gifted,Documentary
"Apr 11, 2001",Kingdom Come,7000000,23247539,23393939,2001,Apr,16393939,234.2,tt10121212,Kingdom Come,Documentary
"Jan 17, 2014",Devil's Due,7000000,15821461,36146087,2014,Jan,29146087,416.37,tt2752758,Devil's Due,"Horror,Mystery,Thriller"
"Sep 21, 2012",House at the End of the Street,6900000,31611916,44103982,2012,Sep,37203982,539.19,tt1582507,House at the End of the Street,"Drama,Horror,Thriller"
"Oct 3, 2014",Annabelle,6500000,84273813,256862920,2014,Oct,250362920,3851.74,tt3322940,Annabelle,"Horror,Mystery,Thriller"
"Dec 2, 2011",Shame,6500000,4002293,20412841,2011,Dec,13912841,214.04,tt1723811,Shame,Drama
"May 11, 2018",Breaking In,6000000,46840590,51411620,2018,May,45411620,756.86,tt7137846,Breaking In,"Action,Crime,Drama"
"Mar 29, 2019",Unplanned,6000000,18107621,18107621,2019,Mar,12107621,201.79,tt9024106,Unplanned,"Biography,Drama"
"Feb 8, 2019",The Prodigy,6000000,14856291,19789712,2019,Feb,13789712,229.83,tt4504044,The Prodigy,"Horror,Thriller"
"Nov 30, 2018",The Possession of Hannah Grace,6000000,14836174,42785387,2018,Nov,36785387,613.09,tt5734576,The Possession of Hannah Grace,"Horror,Mystery,Thriller"
"Jan 15, 2016",The Lady in the Van,6000000,10021175,42320503,2016,Jan,36320503,605.34,tt3722070,The Lady in the Van,"Biography,Comedy,Drama"
"Jul 29, 2011",The Guard,6000000,5359774,21197454,2011,Jul,15197454,253.29,tt1540133,The Guard,"Comedy,Crime,Thriller"
"Sep 27, 2013",Don Jon,5500000,24477704,41268579,2013,Sep,35768579,650.34,tt2229499,Don Jon,"Comedy,Drama,Romance"
"Sep 28, 2018",Hell Fest,5500000,11107431,18119231,2018,Sep,12619231,229.44,tt1999890,Hell Fest,Horror
"Feb 24, 2017",Get Out,5000000,176040665,255367951,2017,Feb,250367951,5007.36,tt5052448,Get Out,"Horror,Mystery,Thriller"
"Jan 20, 2017",Split,5000000,138141585,278964806,2017,Jan,273964806,5479.3,tt2660118,Split,"Comedy,Romance,Sport"
"Oct 21, 2011",Paranormal Activity 3,5000000,104028807,207039844,2011,Oct,202039844,4040.8,tt1778304,Paranormal Activity 3,"Horror,Mystery,Thriller"
"Mar 11, 2016",10 Cloverfield Lane,5000000,72082999,108286422,2016,Mar,103286422,2065.73,tt1179933,10 Cloverfield Lane,"Drama,Horror,Mystery"
"Jul 22, 2016",Lights Out,5000000,67268835,148806510,2016,Jul,143806510,2876.13,tt1085448,Lights Out,Drama
"Sep 11, 2015",The Visit,5000000,65206105,98677816,2015,Sep,93677816,1873.56,tt1605776,The Visit,"Comedy,Drama,Romance"
"Oct 13, 2017",Happy Death Day,5000000,55683845,125010260,2017,Oct,120010260,2400.21,tt5308322,Happy Death Day,"Horror,Mystery,Thriller"
"Oct 19, 2012",Paranormal Activity 4,5000000,53900335,142817992,2012,Oct,137817992,2756.36,tt2109184,Paranormal Activity 4,"Horror,Mystery,Thriller"
"Oct 24, 2014",Ouija,5000000,50856010,103300632,2014,Oct,98300632,1966.01,tt1204977,Ouija,"Horror,Mystery,Thriller"
"Jun 23, 2017",The Big Sick,5000000,42872467,53972860,2017,Jun,48972860,979.46,tt5462602,The Big Sick,"Comedy,Drama,Romance"
"Dec 24, 2003",Monster,5000000,34469210,64240813,2003,Dec,59240813,1184.82,tt1617136,Monster,"Action,Adventure,Comedy"
"Jan 3, 2014",Paranormal Activity: The Marked Ones,5000000,32462372,90904854,2014,Jan,85904854,1718.1,tt2473682,Paranormal Activity: The Marked Ones,"Horror,Mystery,Thriller"
"Apr 11, 2014",Oculus,5000000,27695246,44115496,2014,Apr,39115496,782.31,tt2388715,Oculus,"Horror,Mystery"
"Nov 1, 2013",Dallas Buyers Club,5000000,27298285,60611845,2013,Nov,55611845,1112.24,tt0790636,Dallas Buyers Club,"Biography,Drama"
"Aug 26, 2015",No Escape,5000000,27288872,42844516,2015,Aug,37844516,756.89,tt1781922,No Escape,"Action,Thriller"
"Feb 27, 2015",The Lazarus Effect,5000000,25801570,38359310,2015,Feb,33359310,667.19,tt2918436,The Lazarus Effect,"Horror,Mystery,Sci-Fi"
"Aug 26, 2011",Our Idiot Brother,5000000,24814830,25861249,2011,Aug,20861249,417.22,tt1637706,Our Idiot Brother,"Comedy,Drama"
"Mar 9, 2018",The Strangers: Prey at Night,5000000,24431472,29960051,2018,Mar,24960051,499.2,tt1285009,The Strangers: Prey at Night,Horror
"Oct 13, 2000",Billy Elliot,5000000,21995263,109253745,2000,Oct,104253745,2085.07,tt4085696,Billy Elliot,"Comedy,Drama,Music"
"Jul 5, 2013",The Way Way Back,5000000,21502690,26853810,2013,Jul,21853810,437.08,tt1727388,The Way Way Back,"Comedy,Drama"
"Aug 29, 2014","As Above, So Below",5000000,21222315,41824066,2014,Aug,36824066,736.48,tt10012842,"As Above, So Below",Documentary
"Feb 19, 2016",Race,5000000,19115191,23745772,2016,Feb,18745772,374.92,tt1568874,Race,"Biography,Documentary,History"
"Jan 16, 2015",Still Alice,5000000,18656400,41699612,2015,Jan,36699612,733.99,tt3316960,Still Alice,Drama
"Sep 2, 2011",Apollo 18,5000000,17686929,26517819,2011,Sep,21517819,430.36,tt1772240,Apollo 18,"Horror,Mystery,Sci-Fi"
"Mar 23, 2018","Paul, Apostle of Christ",5000000,17547999,25529498,2018,Mar,20529498,410.59,tt7388562,"Paul, Apostle of Christ","Adventure,Biography,Drama"
"Oct 10, 2014",Addicted,5000000,17390770,17499242,2014,Oct,12499242,249.98,tt2205401,Addicted,"Drama,Thriller"
"Mar 15, 2013",Spring Breakers,5000000,14124286,31149251,2013,Mar,26149251,522.99,tt2101441,Spring Breakers,"Comedy,Crime,Drama"
"Jun 9, 2017",It Comes at Night,5000000,13985117,19720203,2017,Jun,14720203,294.4,tt4695012,It Comes at Night,"Horror,Mystery"
"Mar 3, 2017",Before I Fall,5000000,12241072,18945682,2017,Mar,13945682,278.91,tt1691916,Before I Fall,"Drama,Fantasy,Mystery"
"Jan 29, 2016",Fifty Shades of Black,5000000,11686940,22113075,2016,Jan,17113075,342.26,tt4667094,Fifty Shades of Black,Comedy
"May 28, 2010",Sea Rex 3D: Journey to a Prehistoric World,5000000,6096582,16515203,2010,May,11515203,230.3,tt1529567,Sea Rex 3D: Journey to a Prehistoric World,Documentary
"Jan 23, 2015",Mommy,4900000,3498695,17536004,2015,Jan,12636004,257.88,tt3612616,Mommy,Drama
"Jan 6, 2006",Hostel,4800000,47326473,82241110,2006,Jan,77441110,1613.36,tt1825801,Hostel,"Action,Crime,Drama"
"Sep 14, 2012",Barfi,4600000,2804874,36751984,2012,Sep,32151984,698.96,tt3099638,Barfi,"Comedy,Romance"
"Mar 25, 2016",The Lobster,4500000,9196278,18019834,2016,Mar,13519834,300.44,tt3464902,The Lobster,"Comedy,Drama,Romance"
"Jan 23, 2015",The Boy Next Door,4000000,36006065,53401938,2015,Jan,49401938,1235.05,tt3181822,The Boy Next Door,"Horror,Thriller"
"Jul 11, 2014",Boyhood,4000000,25379975,57273049,2014,Jul,53273049,1331.83,tt1065073,Boyhood,Drama
"Jul 9, 2010",The Kids Are All Right,4000000,20811365,36275469,2010,Jul,32275469,806.89,tt0842926,The Kids Are All Right,"Comedy,Drama,Romance"
"Apr 18, 2014",A Haunted House 2,4000000,17329487,21206861,2014,Apr,17206861,430.17,tt2828996,A Haunted House 2,"Comedy,Fantasy"
"Mar 1, 2013",The Last Exorcism Part II,4000000,15179303,25448707,2013,Mar,21448707,536.22,tt2034139,The Last Exorcism Part II,"Drama,Horror,Thriller"
"Aug 4, 2000",Saving Grace,4000000,12178602,27786849,2000,Aug,23786849,594.67,tt1691149,Saving Grace,"Crime,Drama,Horror"
"Apr 11, 2008",The Visitor,4000000,9427026,19174817,2008,Apr,15174817,379.37,tt1883160,The Visitor,"Drama,Romance"
"Apr 13, 2018",Truth or Dare,3500000,41411015,95127344,2018,Apr,91627344,2617.92,tt2125681,Truth or Dare,"Horror,Romance,Thriller"
"Feb 19, 2016",The Witch,3500000,25138705,40454520,2016,Feb,36954520,1055.84,tt4263482,The Witch,"Horror,Mystery"
"Feb 2, 2018",Winchester,3500000,25091816,44378040,2018,Feb,40878040,1167.94,tt1072748,Winchester,"Biography,Drama,Fantasy"
"Dec 6, 2002",Empire,3500000,17504595,18495444,2002,Dec,14995444,428.44,tt10188180,Empire,
"Feb 22, 2013",Dark Skies,3500000,17418667,27704111,2013,Feb,24204111,691.55,tt2387433,Dark Skies,"Horror,Sci-Fi,Thriller"
"Jan 19, 2018",Forever My Girl,3500000,16376066,16376066,2018,Jan,12876066,367.89,tt4103724,Forever My Girl,"Drama,Music,Romance"
"Oct 21, 2011",Margin Call,3400000,5353586,20433227,2011,Oct,17033227,500.98,tt1615147,Margin Call,"Drama,Thriller"
"Oct 10, 2014",Whiplash,3300000,13092006,38969037,2014,Oct,35669037,1080.88,tt2582802,Whiplash,"Drama,Music"
"Oct 26, 2007",Bella,3300000,8093373,12405473,2007,Oct,9105473,275.92,tt4133310,Bella,"Drama,Family"
"Jul 6, 2018",Sorry to Bother You,3200000,17493096,18285560,2018,Jul,15085560,471.42,tt5688932,Sorry to Bother You,"Comedy,Fantasy,Sci-Fi"
"Jun 3, 2011",Beginners,3200000,5790894,14314407,2011,Jun,11114407,347.33,tt1532503,Beginners,"Comedy,Drama,Romance"
"Oct 20, 2010",Paranormal Activity 2,3000000,84752907,177512032,2010,Oct,174512032,5817.07,tt1536044,Paranormal Activity 2,Horror
"Aug 28, 2015",War Room,3000000,67790117,73975239,2015,Aug,70975239,2365.84,tt3832914,War Room,Drama
"Jun 7, 2013",The Purge,3000000,64473115,91266581,2013,Jun,88266581,2942.22,tt2184339,The Purge,"Horror,Thriller"
"Oct 12, 2012",Sinister,3000000,48086903,87727807,2012,Oct,84727807,2824.26,tt1922777,Sinister,"Horror,Mystery,Thriller"
"Jun 1, 2018",Upgrade,3000000,11977130,16553285,2018,Jun,13553285,451.78,tt6499752,Upgrade,"Action,Sci-Fi,Thriller"
"May 24, 2013",Before Midnight,3000000,8110621,23251930,2013,May,20251930,675.06,tt2209418,Before Midnight,"Drama,Romance"
"Jul 31, 2009",The Collector,3000000,7712114,10473836,2009,Jul,7473836,249.13,tt2879218,The Collector,"Action,Comedy"
"Apr 28, 2006",Water,3000000,5529144,11322573,2006,Apr,8322573,277.42,tt2378581,Water,"Crime,Thriller"
"May 17, 2013",Frances Ha,3000000,4067398,11262769,2013,May,8262769,275.43,tt2347569,Frances Ha,"Comedy,Drama,Romance"
"Sep 7, 2012",Bachelorette,3000000,446770,12577401,2012,Sep,9577401,319.25,tt1920849,Bachelorette,"Comedy,Romance"
"Dec 31, 2015",Sardaar Ji,2700000,0,8200000,2015,Dec,5500000,203.7,tt4080386,Sardaar Ji,"Comedy,Fantasy,Horror"
"May 2, 2014",Ida,2600000,3827060,15298355,2014,May,12698355,488.4,tt2718492,Ida,Drama
"Jan 11, 2013",A Haunted House,2500000,40041683,59922558,2013,Jan,57422558,2296.9,tt2243537,A Haunted House,"Comedy,Fantasy"
"Jul 3, 2013",Kevin Hart: Let Me Explain,2500000,32244051,32327255,2013,Jul,29827255,1193.09,tt2609912,Kevin Hart: Let Me Explain,"Comedy,Documentary"
"Jun 24, 2016",Hunt for the Wilderpeople,2500000,5205471,23845533,2016,Jun,21345533,853.82,tt4698684,Hunt for the Wilderpeople,"Adventure,Comedy,Drama"
"Mar 20, 2015",Do You Believe?,2300000,12985600,14304931,2015,Mar,12004931,521.95,tt4056738,Do You Believe?,Drama
"Sep 30, 2011",Courageous,2000000,34522221,35185884,2011,Sep,33185884,1659.29,tt1630036,Courageous,Drama
"Mar 13, 2015",It Follows,2000000,14674077,23250755,2015,Mar,21250755,1062.54,tt3235888,It Follows,"Horror,Mystery"
"Jul 13, 2018",Eighth Grade,2000000,13539710,14341016,2018,Jul,12341016,617.05,tt7014006,Eighth Grade,"Comedy,Drama"
"Mar 9, 2012",Silent House,2000000,12739737,16610760,2012,Mar,14610760,730.54,tt1767382,Silent House,"Drama,Horror,Mystery"
"Apr 8, 2016",Hardcore Henry,2000000,9252038,17187434,2016,Apr,15187434,759.37,tt3072482,Hardcore Henry,"Action,Adventure,Sci-Fi"
"Jun 11, 2010",Winter's Bone,2000000,6531503,16131551,2010,Jun,14131551,706.58,tt1399683,Winter's Bone,"Drama,Mystery"
"Oct 10, 2014",Meet the Mormons,2000000,6047363,6049171,2014,Oct,4049171,202.46,tt4003774,Meet the Mormons,Documentary
"Oct 6, 2017",The Florida Project,2000000,5904366,11295324,2017,Oct,9295324,464.77,tt5649144,The Florida Project,Drama
"Aug 20, 2003",Thirteen,2000000,4601043,9505996,2003,Aug,7505996,375.3,tt4080028,Thirteen,Drama
"Oct 8, 2010",Inside Job,2000000,4311834,7799257,2010,Oct,5799257,289.96,tt1645089,Inside Job,"Crime,Documentary"
"Aug 28, 2015",We Are Your Friends,2000000,3591417,10153415,2015,Aug,8153415,407.67,tt3787590,We Are Your Friends,"Drama,Music,Romance"
"Nov 28, 2014",The Babadook,2000000,950792,7482387,2014,Nov,5482387,274.12,tt2321549,The Babadook,"Drama,Horror"
"Oct 9, 2015",Knock Knock,2000000,36336,6328516,2015,Oct,4328516,216.43,tt3605418,Knock Knock,"Drama,Thriller"
"Sep 24, 2010",Buried,1987650,1044143,21270290,2010,Sep,19282640,970.12,tt1462758,Buried,"Drama,Mystery,Thriller"
"Feb 8, 2013",ABCD (Any Body Can Dance),1900000,222098,10137234,2013,Feb,8237234,433.54,tt2321163,ABCD (Any Body Can Dance),"Drama,Music"
"Aug 27, 2010",The Last Exorcism,1800000,41034350,70165900,2010,Aug,68365900,3798.11,tt1320244,The Last Exorcism,"Drama,Horror,Thriller"
"Jun 27, 2012",Beasts of the Southern Wild,1800000,12795746,23265132,2012,Jun,21465132,1192.51,tt2125435,Beasts of the Southern Wild,"Adventure,Drama,Fantasy"
"Feb 28, 2014",The Lunchbox,1700000,4231500,12231500,2014,Feb,10531500,619.5,tt2350496,The Lunchbox,"Drama,Romance"
"Apr 1, 2011",Insidious,1500000,54009150,99870886,2011,Apr,98370886,6558.06,tt1591095,Insidious,"Horror,Mystery,Thriller"
"Oct 21, 2016",Moonlight,1500000,27854931,65245512,2016,Oct,63745512,4249.7,tt4975722,Moonlight,Drama
"Sep 12, 2003",Cabin Fever,1500000,21158188,30351664,2003,Sep,28851664,1923.44,tt3832096,Cabin Fever,Horror
"May 2, 2007",Waitress,1500000,19097550,22217183,2007,May,20717183,1381.15,tt3253430,Waitress,Drama
"Mar 23, 2018",Unsane,1500000,7690044,14244931,2018,Mar,12744931,849.66,tt7153766,Unsane,"Drama,Horror,Mystery"
"Nov 20, 2015",Mustang,1400000,845464,5552584,2015,Nov,4152584,296.61,tt3966404,Mustang,Drama
"Oct 17, 2014",Dear White People,1250000,4404154,5403771,2014,Oct,4153771,332.3,tt2235108,Dear White People,"Comedy,Drama,Romance"
"Jan 6, 2012",The Devil Inside,1000000,53262945,101759490,2012,Jan,100759490,10075.95,tt1560985,The Devil Inside,Horror
"Apr 17, 2015",Unfriended,1000000,32789645,64364198,2015,Apr,63364198,6336.42,tt3713166,Unfriended,"Horror,Mystery,Thriller"
"Aug 23, 2013",You're Next,1000000,18494006,26887177,2013,Aug,25887177,2588.72,tt1853739,You're Next,"Action,Comedy,Horror"
"May 25, 2012",Chernobyl Diaries,1000000,18119640,42411721,2012,May,41411721,4141.17,tt1991245,Chernobyl Diaries,"Horror,Mystery,Thriller"
"Dec 29, 2010",Blue Valentine,1000000,9737892,16566240,2010,Dec,15566240,1556.62,tt1120985,Blue Valentine,"Drama,Romance"
"Jul 20, 2018",Unfriended: Dark Web,1000000,8866745,16434588,2018,Jul,15434588,1543.46,tt4761916,Unfriended: Dark Web,"Crime,Horror,Mystery"
"Sep 25, 2015",The Green Inferno,1000000,7192291,12931420,2015,Sep,11931420,1193.14,tt2403021,The Green Inferno,"Adventure,Horror"
"Feb 3, 2017",I Am Not Your Negro,1000000,7123919,9617402,2017,Feb,8617402,861.74,tt5804038,I Am Not Your Negro,Documentary
"Oct 19, 2012",The Sessions,1000000,6002451,11495204,2012,Oct,10495204,1049.52,tt1866249,The Sessions,"Biography,Comedy,Drama"
"Apr 4, 2008",Shine a Light,1000000,5505267,16173879,2008,Apr,15173879,1517.39,tt6448350,Shine a Light,
"Mar 23, 2012",October Baby,1000000,5355847,5391992,2012,Mar,4391992,439.2,tt1720182,October Baby,Drama
"Sep 12, 2014",The Skeleton Twins,1000000,5284309,5797192,2014,Sep,4797192,479.72,tt1571249,The Skeleton Twins,"Comedy,Drama,Romance"
"Jun 6, 2014",Obvious Child,1000000,3122616,3324070,2014,Jun,2324070,232.41,tt2910274,Obvious Child,"Comedy,Drama,Romance"
"Oct 21, 2011",Martha Marcy May Marlene,1000000,2981038,5438911,2011,Oct,4438911,443.89,tt1441326,Martha Marcy May Marlene,"Drama,Mystery,Thriller"
"May 12, 2017",Lowriders,916000,6179955,6188421,2017,May,5272421,575.59,tt1366338,Lowriders,"Adventure,Crime,Drama"
"Jul 12, 2013",Fruitvale Station,900000,16098998,17549645,2013,Jul,16649645,1849.96,tt2334649,Fruitvale Station,"Biography,Drama,Romance"
"Apr 1, 2016",Meet the Blacks,900000,9097072,9097072,2016,Apr,8197072,910.79,tt4191580,Meet the Blacks,"Comedy,Horror"
"Sep 9, 2011",Kevin Hart: Laugh at My Pain,750000,7706436,7712436,2011,Sep,6962436,928.32,tt1999192,Kevin Hart: Laugh at My Pain,"Comedy,Documentary"
"Jun 8, 2012",Safety Not Guaranteed,750000,4010957,4422318,2012,Jun,3672318,489.64,tt1862079,Safety Not Guaranteed,"Comedy,Drama,Romance"
"Oct 29, 2010",Monsters,500000,237301,5639730,2010,Oct,5139730,1027.95,tt1470827,Monsters,"Drama,Sci-Fi,Thriller"
"Apr 23, 2009",Home,500000,15433,44793168,2009,Apr,44293168,8858.63,tt2075392,Home,Drama
"Mar 31, 2006",Brick,450000,2075743,4243996,2006,Mar,3793996,843.11,tt10227710,Brick,"Drama,Family,Romance"
"Oct 31, 2014",All You Need Is Love,300000,0,3565259,2014,Oct,3265259,1088.42,tt2704210,All You Need Is Love,Documentary
"Aug 17, 2012",Compliance,270000,319285,830700,2012,Aug,560700,207.67,tt1971352,Compliance,"Biography,Crime,Drama"
"Apr 28, 2017",Sleight,250000,3930990,3934450,2017,Apr,3684450,1473.78,tt4573516,Sleight,"Action,Drama,Sci-Fi"
"Oct 28, 2011",Like Crazy,250000,3395391,3728400,2011,Oct,3478400,1391.36,tt1758692,Like Crazy,"Drama,Romance"
"Jul 20, 2012",Burn,225000,1109276,1109276,2012,Jul,884276,393.01,tt1781784,Burn,Documentary
"Feb 25, 2011",The Grace Card,200000,2430735,2430735,2011,Feb,2230735,1115.37,tt1544600,The Grace Card,Drama
"Jun 19, 2015",The Overnight,200000,1109808,1165996,2015,Jun,965996,483.0,tt0326592,The Overnight,
"Sep 23, 2011",Weekend,190000,484592,1577585,2011,Sep,1387585,730.31,tt1714210,Weekend,"Drama,Romance"
"Jul 22, 2011",Another Earth,175000,1321194,2102779,2011,Jul,1927779,1101.59,tt1549572,Another Earth,"Drama,Romance,Sci-Fi"
"Apr 27, 2012",Sound of My Voice,135000,408015,429448,2012,Apr,294448,218.11,tt1748207,Sound of My Voice,"Drama,Mystery,Sci-Fi"
"Jun 15, 2012",Your Sister's Sister,120000,1597486,3090593,2012,Jun,2970593,2475.49,tt1742336,Your Sister's Sister,"Comedy,Drama"
"Jul 10, 2015",The Gallows,100000,22764410,41656474,2015,Jul,41556474,41556.47,tt2309260,The Gallows,"Horror,Mystery,Thriller"
"Jul 7, 2017",A Ghost Story,100000,1594798,2769782,2017,Jul,2669782,2669.78,tt6265828,A Ghost Story,"Drama,Fantasy,Romance"
"Nov 12, 2010",Tiny Furniture,50000,391674,424149,2010,Nov,374149,748.3,tt1570989,Tiny Furniture,"Comedy,Drama,Romance"
"Feb 22, 2008",The Signal,50000,251150,406299,2008,Feb,356299,712.6,tt2910814,The Signal,"Drama,Mystery,Sci-Fi"
"Mar 18, 2016",Krisha,30000,144822,144822,2016,Mar,114822,382.74,tt4266638,Krisha,Drama
"Jan 14, 2000",The Terrorist,25000,195043,195043,2000,Jan,170043,680.17,tt9248762,The Terrorist,Thriller
"Sep 1, 2015",Exeter,25000,0,489792,2015,Sep,464792,1859.17,tt1945044,Exeter,"Horror,Mystery,Thriller"
"Apr 28, 2006",Clean,10000,138711,138711,2006,Apr,128711,1287.11,tt6619196,Clean,"Comedy,Drama,Horror"
"Jul 6, 2001",Cure,10000,94596,94596,2001,Jul,84596,845.96,tt1872026,Cure,Drama
